#ID,Date,"Cleared Date",Description,Status,"Sub Total",Tax,"Money in","Money out"
700903057,29/Sep/2025,29/Sep/2025,"Payment withdrawal",Cleared,-£243.39,Free,,-£243.39
696491825,19/Sep/2025,19/Sep/2025,"Payment withdrawal",Cleared,-£442.85,Free,,-£442.85
694730211,15/Sep/2025,15/Sep/2025,"Payment withdrawal",Cleared,-£146.95,Free,,-£146.95
692138877,09/Sep/2025,09/Sep/2025,"Payment withdrawal",Cleared,-£332.22,Free,,-£332.22
687524122,30/Aug/2025,10/Sep/2025,"Owner fee payment for #93545484",Cleared,-£1.19,-£0.24,,-£1.43
687524116,30/Aug/2025,10/Sep/2025,"Payment for booking #93545484",Cleared,£47.50,Free,£47.50,
687522024,30/Aug/2025,03/Sep/2025,"Owner fee payment for #93545250",Cleared,-£1.19,-£0.24,,-£1.43
687522020,30/Aug/2025,03/Sep/2025,"Payment for booking #93545250",Cleared,£47.50,Free,£47.50,
686483712,28/Aug/2025,30/Aug/2025,"Owner fee payment for #93431014",Cleared,-£1.13,-£0.23,,-£1.35
686483708,28/Aug/2025,30/Aug/2025,"Payment for booking #93431014",Cleared,£45.00,Free,£45.00,
686318564,27/Aug/2025,30/Aug/2025,"Owner fee payment for #93410728",Cleared,-£1.13,-£0.23,,-£1.35
686318560,27/Aug/2025,30/Aug/2025,"Payment for booking #93410728",Cleared,£45.00,Free,£45.00,
685526083,26/Aug/2025,26/Aug/2025,"Payment withdrawal",Cleared,-£568.65,Free,,-£568.65
685203138,25/Aug/2025,05/Sep/2025,"Owner fee payment for #93286411",Cleared,-£1.13,-£0.23,,-£1.35
685203134,25/Aug/2025,05/Sep/2025,"Payment for booking #93286411",Cleared,£45.00,Free,£45.00,
685124816,25/Aug/2025,30/Aug/2025,"Owner fee payment for #93278207",Cleared,-£1.40,-£0.28,,-£1.68
685124812,25/Aug/2025,30/Aug/2025,"Payment for booking #93278207",Cleared,£56.00,Free,£56.00,
684375316,24/Aug/2025,15/Sep/2025,"Owner fee payment for #93192855",Cleared,-£1.40,-£0.28,,-£1.68
684375312,24/Aug/2025,15/Sep/2025,"Payment for booking #93192855",Cleared,£56.00,Free,£56.00,
684366554,24/Aug/2025,15/Sep/2025,"Owner fee payment for #93191810",Cleared,-£1.40,-£0.28,,-£1.68
684366548,24/Aug/2025,15/Sep/2025,"Payment for booking #93191810",Cleared,£56.00,Free,£56.00,
684364636,24/Aug/2025,15/Sep/2025,"Owner fee payment for #93191582",Cleared,-£1.40,-£0.28,,-£1.68
684364632,24/Aug/2025,15/Sep/2025,"Payment for booking #93191582",Cleared,£56.00,Free,£56.00,
684182130,24/Aug/2025,24/Sep/2025,"Owner fee payment for #89852637",Cleared,-£3.63,-£0.73,,-£4.36
684182126,24/Aug/2025,24/Sep/2025,"Payment for booking #89852637",Cleared,£145.32,Free,£145.32,
683573460,23/Aug/2025,25/Aug/2025,"Owner fee payment for #93101684",Cleared,-£1.13,-£0.23,,-£1.35
683573456,23/Aug/2025,25/Aug/2025,"Payment for booking #93101684",Cleared,£45.00,Free,£45.00,
683507952,22/Aug/2025,24/Aug/2025,"Owner fee payment for #93094456",Cleared,-£1.13,-£0.23,,-£1.35
683507948,22/Aug/2025,24/Aug/2025,"Payment for booking #93094456",Cleared,£45.00,Free,£45.00,
683330870,22/Aug/2025,24/Aug/2025,"Owner fee payment for #93076404",Cleared,-£1.13,-£0.23,,-£1.35
683330866,22/Aug/2025,24/Aug/2025,"Payment for booking #93076404",Cleared,£45.00,Free,£45.00,
683289720,22/Aug/2025,22/Aug/2025,"Payment withdrawal",Cleared,-£128.04,Free,,-£128.04
682988020,22/Aug/2025,22/Sep/2025,"Owner fee payment for #86167952",Cleared,-£2.64,-£0.53,,-£3.17
682988016,22/Aug/2025,22/Sep/2025,"Payment for booking #86167952",Cleared,£105.60,Free,£105.60,
682958024,21/Aug/2025,24/Aug/2025,"Owner fee payment for #93032983",Cleared,-£1.38,-£0.28,,-£1.65
682958020,21/Aug/2025,24/Aug/2025,"Payment for booking #93032983",Cleared,£55.00,Free,£55.00,
681125720,18/Aug/2025,18/Aug/2025,"Payment withdrawal",Cleared,-£113.05,Free,,-£113.05
680868086,18/Aug/2025,18/Sep/2025,"Owner fee payment for #86479381",Cleared,-£3.30,-£0.66,,-£3.96
680868082,18/Aug/2025,18/Sep/2025,"Payment for booking #86479381",Cleared,£132.00,Free,£132.00,
680419802,17/Aug/2025,17/Sep/2025,"Owner fee payment for #89434365",Cleared,-£2.92,-£0.58,,-£3.50
680419798,17/Aug/2025,17/Sep/2025,"Payment for booking #89434365",Cleared,£116.55,Free,£116.55,
678440318,13/Aug/2025,13/Aug/2025,"Payment withdrawal",Cleared,-£178.48,Free,,-£178.48
678168246,13/Aug/2025,13/Sep/2025,"Owner fee payment for #87701404",Cleared,-£2.60,-£0.52,,-£3.12
678168242,13/Aug/2025,13/Sep/2025,"Payment for booking #87701404",Cleared,£104.00,Free,£104.00,
677373072,11/Aug/2025,11/Aug/2025,"Payment withdrawal",Cleared,-£135.80,Free,,-£135.80
675796938,08/Aug/2025,08/Aug/2025,"Payment withdrawal",Cleared,-£139.68,Free,,-£139.68
675003534,07/Aug/2025,07/Sep/2025,"Owner fee payment for #85883842",Cleared,-£2.60,-£0.52,,-£3.12
675003530,07/Aug/2025,07/Sep/2025,"Payment for booking #85883842",Cleared,£104.00,Free,£104.00,
674199096,05/Aug/2025,05/Aug/2025,"Payment withdrawal",Cleared,-£63.05,Free,,-£63.05
672795824,02/Aug/2025,02/Aug/2025,"Payment withdrawal",Cleared,-£87.30,Free,,-£87.30
671673918,31/Jul/2025,31/Jul/2025,"Payment withdrawal",Cleared,-£109.63,Free,,-£109.63
671075274,30/Jul/2025,26/Jul/2025,"Owner fee payment for #91346031",Cleared,-£0.83,-£0.17,,-£0.99
671075270,30/Jul/2025,26/Jul/2025,"Payment for booking #91346031",Cleared,£33.02,Free,£33.02,
670629576,29/Jul/2025,29/Jul/2025,"Payment withdrawal",Cleared,-£155.20,Free,,-£155.20
670071564,28/Jul/2025,10/Aug/2025,"Owner fee payment for #91595658",Cleared,-£1.00,-£0.20,,-£1.20
670071556,28/Jul/2025,10/Aug/2025,"Payment for booking #91595658",Cleared,£40.00,Free,£40.00,
670033245,28/Jul/2025,08/Aug/2025,"Owner fee payment for #91591329",Cleared,-£1.50,-£0.30,,-£1.80
670033238,28/Jul/2025,08/Aug/2025,"Payment for booking #91591329",Cleared,£60.00,Free,£60.00,
669862220,27/Jul/2025,02/Aug/2025,"Owner fee payment for #91570281",Cleared,-£1.00,-£0.20,,-£1.20
669862216,27/Jul/2025,02/Aug/2025,"Payment for booking #91570281",Cleared,£40.00,Free,£40.00,
669844708,27/Jul/2025,12/Aug/2025,"Owner fee payment for #91568373",Cleared,-£1.00,-£0.20,,-£1.20
669844704,27/Jul/2025,12/Aug/2025,"Payment for booking #91568373",Cleared,£40.00,Free,£40.00,
668659237,25/Jul/2025,25/Jul/2025,"Payment withdrawal",Cleared,-£87.30,Free,,-£87.30
668351286,24/Jul/2025,03/Aug/2025,"Owner fee payment for #91401694",Cleared,-£0.63,-£0.13,,-£0.75
668351282,24/Jul/2025,03/Aug/2025,"Payment for booking #91401694",Cleared,£25.00,Free,£25.00,
667863106,24/Jul/2025,24/Aug/2025,"Owner fee payment for #89852637",Cleared,-£3.63,-£0.73,,-£4.36
667863102,24/Jul/2025,24/Aug/2025,"Payment for booking #89852637",Cleared,£145.32,Free,£145.32,
667851682,23/Jul/2025,26/Jul/2025,"Owner fee payment for #91346031",Cleared,-£1.00,-£0.20,,-£1.20
667851678,23/Jul/2025,26/Jul/2025,"Payment for booking #91346031",Cleared,£40.00,Free,£40.00,
667611646,23/Jul/2025,23/Jul/2025,"Payment withdrawal",Cleared,-£102.43,Free,,-£102.43
667461954,23/Jul/2025,27/Jul/2025,"REFUND: Owner fee payment for #90075444",Cleared,£3.00,£0.60,£3.60,
667461950,23/Jul/2025,27/Jul/2025,"Payment for booking #90075444",Cleared,-£120.00,Free,-£120.00,
666891928,22/Jul/2025,30/Jul/2025,"Owner fee payment for #91238833",Cleared,-£1.00,-£0.20,,-£1.20
666891924,22/Jul/2025,30/Jul/2025,"Payment for booking #91238833",Cleared,£40.00,Free,£40.00,
666885450,22/Jul/2025,22/Aug/2025,"Owner fee payment for #86167952",Cleared,-£2.64,-£0.53,,-£3.17
666885446,22/Jul/2025,22/Aug/2025,"Payment for booking #86167952",Cleared,£105.60,Free,£105.60,
666815556,21/Jul/2025,27/Jul/2025,"Owner fee payment for #91231313",Cleared,-£3.00,-£0.60,,-£3.60
666815552,21/Jul/2025,27/Jul/2025,"Payment for booking #91231313",Cleared,£120.00,Free,£120.00,
666668206,21/Jul/2025,21/Jul/2025,"Payment withdrawal",Cleared,-£502.99,Free,,-£502.99
666411542,20/Jul/2025,01/Aug/2025,"Owner fee payment for #91185529",Cleared,-£1.25,-£0.25,,-£1.50
666411538,20/Jul/2025,01/Aug/2025,"Payment for booking #91185529",Cleared,£50.00,Free,£50.00,
665523260,18/Jul/2025,01/Aug/2025,"Owner fee payment for #91086958",Cleared,-£1.00,-£0.20,,-£1.20
665523256,18/Jul/2025,01/Aug/2025,"Payment for booking #91086958",Cleared,£40.00,Free,£40.00,
665079646,18/Jul/2025,18/Aug/2025,"Owner fee payment for #86479381",Cleared,-£3.30,-£0.66,,-£3.96
665079642,18/Jul/2025,18/Aug/2025,"Payment for booking #86479381",Cleared,£132.00,Free,£132.00,
665064480,17/Jul/2025,16/Sep/2025,"Owner fee payment for #91035475",Cleared,-£1.00,-£0.20,,-£1.20
665064476,17/Jul/2025,16/Sep/2025,"Payment for booking #91035475",Cleared,£40.00,Free,£40.00,
664626210,17/Jul/2025,17/Aug/2025,"Owner fee payment for #89434365",Cleared,-£2.92,-£0.58,,-£3.50
664626206,17/Jul/2025,17/Aug/2025,"Payment for booking #89434365",Cleared,£116.55,Free,£116.55,
664374150,16/Jul/2025,06/Aug/2025,"Owner fee payment for #90959895",Cleared,-£1.00,-£0.20,,-£1.20
664374146,16/Jul/2025,06/Aug/2025,"Payment for booking #90959895",Cleared,£40.00,Free,£40.00,
664315414,16/Jul/2025,18/Jul/2025,"Owner fee payment for #90953256",Cleared,-£3.00,-£0.60,,-£3.60
664315410,16/Jul/2025,18/Jul/2025,"Payment for booking #90953256",Cleared,£120.00,Free,£120.00,
663965134,15/Jul/2025,15/Jul/2025,"Payment withdrawal",Cleared,-£217.28,Free,,-£217.28
663640522,14/Jul/2025,17/Jul/2025,"Owner fee payment for #90876322",Cleared,-£1.00,-£0.20,,-£1.20
663640518,14/Jul/2025,17/Jul/2025,"Payment for booking #90876322",Cleared,£40.00,Free,£40.00,
663302976,13/Jul/2025,16/Jul/2025,"Owner fee payment for #90837795",Cleared,-£2.00,-£0.40,,-£2.40
663302972,13/Jul/2025,16/Jul/2025,"Payment for booking #90837795",Cleared,£80.00,Free,£80.00,
662914038,13/Jul/2025,13/Aug/2025,"Owner fee payment for #87701404",Cleared,-£2.60,-£0.52,,-£3.12
662914034,13/Jul/2025,13/Aug/2025,"Payment for booking #87701404",Cleared,£104.00,Free,£104.00,
662388276,11/Jul/2025,24/Jul/2025,"Owner fee payment for #90736616",Cleared,-£1.25,-£0.25,,-£1.50
662388272,11/Jul/2025,24/Jul/2025,"Payment for booking #90736616",Cleared,£50.00,Free,£50.00,
661896326,11/Jul/2025,23/Jul/2025,"Owner fee payment for #90681459",Cleared,-£1.00,-£0.20,,-£1.20
661896322,11/Jul/2025,23/Jul/2025,"Payment for booking #90681459",Cleared,£40.00,Free,£40.00,
661896104,11/Jul/2025,18/Jul/2025,"Owner fee payment for #90681434",Cleared,-£0.75,-£0.15,,-£0.90
661896100,11/Jul/2025,18/Jul/2025,"Payment for booking #90681434",Cleared,£30.00,Free,£30.00,
661643558,10/Jul/2025,10/Jul/2025,"Payment withdrawal",Cleared,-£494.31,Free,,-£494.31
661390446,09/Jul/2025,13/Jul/2025,"Owner fee payment for #90625478",Cleared,-£1.00,-£0.20,,-£1.20
661390442,09/Jul/2025,13/Jul/2025,"Payment for booking #90625478",Cleared,£40.00,Free,£40.00,
661351640,09/Jul/2025,12/Jul/2025,"Owner fee payment for #90621294",Cleared,-£1.00,-£0.20,,-£1.20
661351636,09/Jul/2025,12/Jul/2025,"Payment for booking #90621294",Cleared,£40.00,Free,£40.00,
660497826,08/Jul/2025,11/Jul/2025,"REFUND: Owner fee payment for #90527304",Cleared,£0.75,£0.15,£0.90,
660497822,08/Jul/2025,11/Jul/2025,"Payment for booking #90527304",Cleared,-£30.00,Free,-£30.00,
660496400,08/Jul/2025,11/Jul/2025,"Owner fee payment for #90527304",Cleared,-£0.75,-£0.15,,-£0.90
660496396,08/Jul/2025,11/Jul/2025,"Payment for booking #90527304",Cleared,£30.00,Free,£30.00,
660141980,07/Jul/2025,08/Aug/2025,"Owner fee payment for #90489498",Cleared,-£1.00,-£0.20,,-£1.20
660141976,07/Jul/2025,08/Aug/2025,"Payment for booking #90489498",Cleared,£40.00,Free,£40.00,
660021358,07/Jul/2025,07/Aug/2025,"Owner fee payment for #85883842",Cleared,-£2.60,-£0.52,,-£3.12
660021354,07/Jul/2025,07/Aug/2025,"Payment for booking #85883842",Cleared,£104.00,Free,£104.00,
659960952,06/Jul/2025,11/Jul/2025,"Owner fee payment for #90467952",Cleared,-£1.00,-£0.20,,-£1.20
659960948,06/Jul/2025,11/Jul/2025,"Payment for booking #90467952",Cleared,£40.00,Free,£40.00,
658868540,04/Jul/2025,08/Jul/2025,"Owner fee payment for #90349569",Cleared,-£1.25,-£0.25,,-£1.50
658868536,04/Jul/2025,08/Jul/2025,"Payment for booking #90349569",Cleared,£50.00,Free,£50.00,
658673388,03/Jul/2025,29/Jul/2025,"Owner fee payment for #90326236",Cleared,-£1.00,-£0.20,,-£1.20
658673384,03/Jul/2025,29/Jul/2025,"Payment for booking #90326236",Cleared,£40.00,Free,£40.00,
658148594,02/Jul/2025,09/Jul/2025,"Owner fee payment for #90269065",Cleared,-£1.00,-£0.20,,-£1.20
658148590,02/Jul/2025,09/Jul/2025,"Payment for booking #90269065",Cleared,£40.00,Free,£40.00,
657535912,01/Jul/2025,01/Jul/2025,"Payment withdrawal",Cleared,-£48.50,Free,,-£48.50
657069800,30/Jun/2025,30/Jun/2025,"Payment withdrawal",Cleared,-£139.68,Free,,-£139.68
656411120,28/Jun/2025,27/Jul/2025,"Owner fee payment for #90075444",Cleared,-£3.00,-£0.60,,-£3.60
656411116,28/Jun/2025,27/Jul/2025,"Payment for booking #90075444",Cleared,£120.00,Free,£120.00,
655192958,26/Jun/2025,26/Jun/2025,"Payment withdrawal",Cleared,-£87.30,Free,,-£87.30
654861684,25/Jun/2025,30/Jun/2025,"Owner fee payment for #89905029",Cleared,-£1.25,-£0.25,,-£1.50
654861680,25/Jun/2025,30/Jun/2025,"Payment for booking #89905029",Cleared,£50.00,Free,£50.00,
654482867,24/Jun/2025,29/Jun/2025,"Owner fee payment for #89861942",Cleared,-£1.00,-£0.20,,-£1.20
654482859,24/Jun/2025,29/Jun/2025,"Payment for booking #89861942",Cleared,£40.00,Free,£40.00,
654382658,24/Jun/2025,24/Aug/2025,"Owner fee payment for #89852637",Cleared,-£3.63,-£0.73,,-£4.36
654382654,24/Jun/2025,24/Aug/2025,"Payment for booking #89852637",Cleared,£145.32,Free,£145.32,
654290444,24/Jun/2025,24/Jun/2025,"Payment withdrawal",Cleared,-£170.33,Free,,-£170.33
653278974,22/Jun/2025,22/Jul/2025,"Owner fee payment for #86167952",Cleared,-£2.64,-£0.53,,-£3.17
653278970,22/Jun/2025,22/Jul/2025,"Payment for booking #86167952",Cleared,£105.60,Free,£105.60,
653257582,21/Jun/2025,12/Aug/2025,"Owner fee payment for #89727562",Cleared,-£1.00,-£0.20,,-£1.20
653257578,21/Jun/2025,12/Aug/2025,"Payment for booking #89727562",Cleared,£40.00,Free,£40.00,
652588286,20/Jun/2025,23/Jun/2025,"Owner fee payment for #89655332",Cleared,-£1.75,-£0.35,,-£2.10
652588282,20/Jun/2025,23/Jun/2025,"Payment for booking #89655332",Cleared,£70.00,Free,£70.00,
652492066,20/Jun/2025,20/Jun/2025,"Payment withdrawal",Cleared,-£157.14,Free,,-£157.14
652271210,20/Jun/2025,23/Jun/2025,"Owner fee payment for #89619248",Cleared,-£0.50,-£0.10,,-£0.60
652271206,20/Jun/2025,23/Jun/2025,"Payment for booking #89619248",Cleared,£20.00,Free,£20.00,
652240390,19/Jun/2025,22/Jun/2025,"Owner fee payment for #89615707",Cleared,-£0.75,-£0.15,,-£0.90
652240386,19/Jun/2025,22/Jun/2025,"Payment for booking #89615707",Cleared,£30.00,Free,£30.00,
652169726,19/Jun/2025,22/Jun/2025,"Owner fee payment for #89608437",Cleared,-£0.50,-£0.10,,-£0.60
652169722,19/Jun/2025,22/Jun/2025,"Payment for booking #89608437",Cleared,£20.00,Free,£20.00,
651556710,18/Jun/2025,18/Jun/2025,"Payment withdrawal",Cleared,-£201.76,Free,,-£201.76
651314150,18/Jun/2025,18/Jul/2025,"Owner fee payment for #86479381",Cleared,-£3.30,-£0.66,,-£3.96
651314146,18/Jun/2025,18/Jul/2025,"Payment for booking #86479381",Cleared,£132.00,Free,£132.00,
650962195,17/Jun/2025,22/Jun/2025,"Owner fee payment for #89475899",Cleared,-£0.50,-£0.10,,-£0.60
650962186,17/Jun/2025,22/Jun/2025,"Payment for booking #89475899",Cleared,£20.00,Free,£20.00,
650880564,17/Jun/2025,19/Jun/2025,"Owner fee payment for #89464713",Cleared,-£0.25,-£0.05,,-£0.30
650880560,17/Jun/2025,19/Jun/2025,"Payment for booking #89464713",Cleared,£10.00,Free,£10.00,
650867912,16/Jun/2025,19/Jun/2025,"Owner fee payment for #89463467",Cleared,-£0.25,-£0.05,,-£0.30
650867908,16/Jun/2025,19/Jun/2025,"Payment for booking #89463467",Cleared,£10.00,Free,£10.00,
650779006,16/Jun/2025,19/Jun/2025,"Owner fee payment for #89454945",Cleared,-£0.25,-£0.05,,-£0.30
650779002,16/Jun/2025,19/Jun/2025,"Payment for booking #89454945",Cleared,£10.00,Free,£10.00,
650585992,16/Jun/2025,16/Jul/2025,"Owner fee payment for #89434365",Cleared,-£2.92,-£0.58,,-£3.50
650585988,16/Jun/2025,16/Jul/2025,"Payment for booking #89434365",Cleared,£116.55,Free,£116.55,
650563444,16/Jun/2025,27/Jun/2025,"REFUND: Owner fee payment for #88090772",Cleared,£2.00,£0.40,£2.40,
650563440,16/Jun/2025,27/Jun/2025,"Payment for booking #88090772",Cleared,-£80.00,Free,-£80.00,
649135638,13/Jun/2025,13/Jul/2025,"Owner fee payment for #87701404",Cleared,-£2.60,-£0.52,,-£3.12
649135634,13/Jun/2025,13/Jul/2025,"Payment for booking #87701404",Cleared,£104.00,Free,£104.00,
647652225,09/Jun/2025,09/Jun/2025,"Payment withdrawal",Cleared,-£403.13,Free,,-£403.13
646644093,07/Jun/2025,07/Jul/2025,"Owner fee payment for #86076596",Cleared,-£2.64,-£0.53,,-£3.17
646644089,07/Jun/2025,07/Jul/2025,"Payment for booking #86076596",Cleared,£105.60,Free,£105.60,
646643493,07/Jun/2025,07/Jul/2025,"Owner fee payment for #85883842",Cleared,-£2.60,-£0.52,,-£3.12
646643489,07/Jun/2025,07/Jul/2025,"Payment for booking #85883842",Cleared,£104.00,Free,£104.00,
643402120,30/May/2025,30/May/2025,"Payment withdrawal",Cleared,-£38.80,Free,,-£38.80
642869834,29/May/2025,29/May/2025,"Payment withdrawal",Cleared,-£48.50,Free,,-£48.50
642367496,28/May/2025,28/May/2025,"Payment withdrawal",Cleared,-£223.10,Free,,-£223.10
641879098,27/May/2025,27/May/2025,"Payment withdrawal",Cleared,-£218.83,Free,,-£218.83
640060032,23/May/2025,06/Jun/2025,"Owner fee payment for #88274063",Cleared,-£1.00,-£0.20,,-£1.20
640060028,23/May/2025,06/Jun/2025,"Payment for booking #88274063",Cleared,£40.00,Free,£40.00,
639820136,22/May/2025,29/May/2025,"Owner fee payment for #88245836",Cleared,-£1.00,-£0.20,,-£1.20
639820132,22/May/2025,29/May/2025,"Payment for booking #88245836",Cleared,£40.00,Free,£40.00,
639424198,22/May/2025,22/Jun/2025,"Owner fee payment for #86167952",Cleared,-£2.64,-£0.53,,-£3.17
639424194,22/May/2025,22/Jun/2025,"Payment for booking #86167952",Cleared,£105.60,Free,£105.60,
638812254,20/May/2025,20/May/2025,"Payment withdrawal",Cleared,-£166.84,Free,,-£166.84
638578184,19/May/2025,25/May/2025,"Owner fee payment for #88107373",Cleared,-£1.50,-£0.30,,-£1.80
638578180,19/May/2025,25/May/2025,"Payment for booking #88107373",Cleared,£60.00,Free,£60.00,
638413102,19/May/2025,27/Jun/2025,"Owner fee payment for #88090772",Cleared,-£2.00,-£0.40,,-£2.40
638413098,19/May/2025,27/Jun/2025,"Payment for booking #88090772",Cleared,£80.00,Free,£80.00,
637820776,18/May/2025,18/Jun/2025,"Owner fee payment for #86479381",Cleared,-£3.30,-£0.66,,-£3.96
637820772,18/May/2025,18/Jun/2025,"Payment for booking #86479381",Cleared,£132.00,Free,£132.00,
636960786,16/May/2025,27/May/2025,"Owner fee payment for #87930685",Cleared,-£1.00,-£0.20,,-£1.20
636960782,16/May/2025,27/May/2025,"Payment for booking #87930685",Cleared,£40.00,Free,£40.00,
636780862,15/May/2025,04/Jun/2025,"Owner fee payment for #87909676",Cleared,-£0.75,-£0.15,,-£0.90
636780858,15/May/2025,04/Jun/2025,"Payment for booking #87909676",Cleared,£30.00,Free,£30.00,
636777740,15/May/2025,22/May/2025,"Owner fee payment for #87909424",Cleared,-£1.00,-£0.20,,-£1.20
636777736,15/May/2025,22/May/2025,"Payment for booking #87909424",Cleared,£40.00,Free,£40.00,
636770930,15/May/2025,04/Jun/2025,"Owner fee payment for #87908782",Cleared,-£0.75,-£0.15,,-£0.90
636770926,15/May/2025,04/Jun/2025,"Payment for booking #87908782",Cleared,£30.00,Free,£30.00,
636766528,15/May/2025,22/May/2025,"Owner fee payment for #87908329",Cleared,-£1.00,-£0.20,,-£1.20
636766524,15/May/2025,22/May/2025,"Payment for booking #87908329",Cleared,£40.00,Free,£40.00,
636758662,15/May/2025,22/May/2025,"REFUND: Owner fee payment for #87906501",Cleared,£1.00,£0.20,£1.20,
636758658,15/May/2025,22/May/2025,"Payment for booking #87906501",Cleared,-£40.00,Free,-£40.00,
636758458,15/May/2025,04/Jun/2025,"REFUND: Owner fee payment for #87906653",Cleared,£0.75,£0.15,£0.90,
636758454,15/May/2025,04/Jun/2025,"Payment for booking #87906653",Cleared,-£30.00,Free,-£30.00,
636750218,15/May/2025,04/Jun/2025,"Owner fee payment for #87906653",Cleared,-£0.75,-£0.15,,-£0.90
636750214,15/May/2025,04/Jun/2025,"Payment for booking #87906653",Cleared,£30.00,Free,£30.00,
636748722,15/May/2025,22/May/2025,"Owner fee payment for #87906501",Cleared,-£1.00,-£0.20,,-£1.20
636748718,15/May/2025,22/May/2025,"Payment for booking #87906501",Cleared,£40.00,Free,£40.00,
636645274,15/May/2025,15/May/2025,"Payment withdrawal",Cleared,-£100.88,Free,,-£100.88
636243064,14/May/2025,26/May/2025,"Owner fee payment for #87850294",Cleared,-£1.25,-£0.25,,-£1.50
636243060,14/May/2025,26/May/2025,"Payment for booking #87850294",Cleared,£50.00,Free,£50.00,
635871904,13/May/2025,14/Jun/2025,"Owner fee payment for #87808474",Cleared,-£2.60,-£0.52,,-£3.12
635871900,13/May/2025,14/Jun/2025,"Payment for booking #87808474",Cleared,£104.00,Free,£104.00,
635514196,12/May/2025,23/May/2025,"Owner fee payment for #87767251",Cleared,-£1.00,-£0.20,,-£1.20
635514192,12/May/2025,23/May/2025,"Payment for booking #87767251",Cleared,£40.00,Free,£40.00,
635357230,12/May/2025,12/May/2025,"Payment withdrawal",Cleared,-£122.22,Free,,-£122.22
635282376,12/May/2025,18/May/2025,"REFUND: Owner fee payment for #87525596",Cleared,£1.00,£0.20,£1.20,
635282372,12/May/2025,18/May/2025,"Payment for booking #87525596",Cleared,-£40.00,Free,-£40.00,
634929867,11/May/2025,13/Jun/2025,"Owner fee payment for #87701404",Cleared,-£2.60,-£0.52,,-£3.12
634929863,11/May/2025,13/Jun/2025,"Payment for booking #87701404",Cleared,£104.00,Free,£104.00,
634844349,11/May/2025,18/May/2025,"Owner fee payment for #87691498",Cleared,-£1.00,-£0.20,,-£1.20
634844345,11/May/2025,18/May/2025,"Payment for booking #87691498",Cleared,£40.00,Free,£40.00,
634832645,10/May/2025,08/Jul/2025,"Owner fee payment for #87690318",Cleared,-£5.25,-£1.05,,-£6.30
634832641,10/May/2025,08/Jul/2025,"Payment for booking #87690318",Cleared,£210.00,Free,£210.00,
634129761,09/May/2025,09/May/2025,"Payment withdrawal",Cleared,-£158.83,Free,,-£158.83
633696715,08/May/2025,08/May/2025,"Payment withdrawal",Cleared,-£854.88,Free,,-£854.88
633585353,08/May/2025,08/Jun/2025,"REFUND: Owner fee payment for #70688685",Cleared,£3.09,£0.62,£3.71,
633585349,08/May/2025,08/Jun/2025,"Payment for booking #70688685",Cleared,-£123.74,Free,-£123.74,
633476095,08/May/2025,08/Jun/2025,"Owner fee payment for #70688685",Cleared,-£3.09,-£0.62,,-£3.71
633476091,08/May/2025,08/Jun/2025,"Payment for booking #70688685",Cleared,£123.74,Free,£123.74,
633354517,07/May/2025,18/May/2025,"Owner fee payment for #87525596",Cleared,-£1.00,-£0.20,,-£1.20
633354513,07/May/2025,18/May/2025,"Payment for booking #87525596",Cleared,£40.00,Free,£40.00,
633049979,07/May/2025,07/Jun/2025,"Owner fee payment for #86076596",Cleared,-£2.64,-£0.53,,-£3.17
633049975,07/May/2025,07/Jun/2025,"Payment for booking #86076596",Cleared,£105.60,Free,£105.60,
633049187,07/May/2025,07/Jun/2025,"Owner fee payment for #85883842",Cleared,-£2.60,-£0.52,,-£3.12
633049183,07/May/2025,07/Jun/2025,"Payment for booking #85883842",Cleared,£104.00,Free,£104.00,
632874843,06/May/2025,04/Jun/2025,"Owner fee payment for #87471254",Cleared,-£0.25,-£0.05,,-£0.30
632874839,06/May/2025,04/Jun/2025,"Payment for booking #87471254",Cleared,£10.00,Free,£10.00,
632868927,06/May/2025,04/Jun/2025,"Owner fee payment for #87471254",Cleared,-£1.25,-£0.25,,-£1.50
632868923,06/May/2025,04/Jun/2025,"Payment for booking #87471254",Cleared,£50.00,Free,£50.00,
632795185,06/May/2025,11/May/2025,"Owner fee payment for #87463429",Cleared,-£1.00,-£0.20,,-£1.20
632795181,06/May/2025,11/May/2025,"Payment for booking #87463429",Cleared,£40.00,Free,£40.00,
632563446,05/May/2025,08/May/2025,"Owner fee payment for #87435114",Cleared,-£1.00,-£0.20,,-£1.20
632563442,05/May/2025,08/May/2025,"Payment for booking #87435114",Cleared,£40.00,Free,£40.00,
632228648,04/May/2025,28/May/2025,"Owner fee payment for #87397991",Cleared,-£1.25,-£0.25,,-£1.50
632228644,04/May/2025,28/May/2025,"Payment for booking #87397991",Cleared,£50.00,Free,£50.00,
631479720,03/May/2025,06/May/2025,"Owner fee payment for #87317192",Cleared,-£1.00,-£0.20,,-£1.20
631479716,03/May/2025,06/May/2025,"Payment for booking #87317192",Cleared,£40.00,Free,£40.00,
631350412,03/May/2025,27/Jun/2025,"Owner fee payment for #87301262",Cleared,-£2.60,-£0.52,,-£3.12
631350408,03/May/2025,27/Jun/2025,"Payment for booking #87301262",Cleared,£104.00,Free,£104.00,
631343510,02/May/2025,10/May/2025,"Owner fee payment for #87300715",Cleared,-£1.00,-£0.20,,-£1.20
631343506,02/May/2025,10/May/2025,"Payment for booking #87300715",Cleared,£40.00,Free,£40.00,
630847314,01/May/2025,26/May/2025,"Owner fee payment for #87245282",Cleared,-£1.00,-£0.20,,-£1.20
630847310,01/May/2025,26/May/2025,"Payment for booking #87245282",Cleared,£40.00,Free,£40.00,
630846626,01/May/2025,26/May/2025,"Owner fee payment for #87245210",Cleared,-£1.00,-£0.20,,-£1.20
630846622,01/May/2025,26/May/2025,"Payment for booking #87245210",Cleared,£40.00,Free,£40.00,
629938484,29/Apr/2025,06/May/2025,"Owner fee payment for #87143789",Cleared,-£1.00,-£0.20,,-£1.20
629938480,29/Apr/2025,06/May/2025,"Payment for booking #87143789",Cleared,£40.00,Free,£40.00,
628905605,27/Apr/2025,03/May/2025,"Owner fee payment for #87029002",Cleared,-£1.30,-£0.26,,-£1.56
628905601,27/Apr/2025,03/May/2025,"Payment for booking #87029002",Cleared,£52.00,Free,£52.00,
628295179,25/Apr/2025,28/Apr/2025,"Owner fee payment for #86961365",Cleared,-£1.00,-£0.20,,-£1.20
628295175,25/Apr/2025,28/Apr/2025,"Payment for booking #86961365",Cleared,£40.00,Free,£40.00,
627856849,24/Apr/2025,27/Apr/2025,"Owner fee payment for #86912413",Cleared,-£0.34,-£0.07,,-£0.41
627856845,24/Apr/2025,27/Apr/2025,"Payment for booking #86912413",Cleared,£13.50,Free,£13.50,
626546422,21/Apr/2025,09/May/2025,"Owner fee payment for #86765913",Cleared,-£1.15,-£0.23,,-£1.38
626546418,21/Apr/2025,09/May/2025,"Payment for booking #86765913",Cleared,£46.00,Free,£46.00,
625951419,19/Apr/2025,22/Apr/2025,"Owner fee payment for #86700224",Cleared,-£1.15,-£0.23,,-£1.38
625951415,19/Apr/2025,22/Apr/2025,"Payment for booking #86700224",Cleared,£46.00,Free,£46.00,
623968899,15/Apr/2025,31/May/2025,"Owner fee payment for #86482584",Cleared,-£1.15,-£0.23,,-£1.38
623968892,15/Apr/2025,31/May/2025,"Payment for booking #86482584",Cleared,£46.00,Free,£46.00,
623935859,15/Apr/2025,18/May/2025,"Owner fee payment for #86479381",Cleared,-£3.30,-£0.66,,-£3.96
623935855,15/Apr/2025,18/May/2025,"Payment for booking #86479381",Cleared,£132.00,Free,£132.00,
623263097,14/Apr/2025,16/Apr/2025,"Owner fee payment for #86404546",Cleared,-£1.15,-£0.23,,-£1.38
623263093,14/Apr/2025,16/Apr/2025,"Payment for booking #86404546",Cleared,£46.00,Free,£46.00,
622758769,12/Apr/2025,15/Apr/2025,"REFUND: Owner fee payment for #86253738",Cleared,£1.15,£0.23,£1.38,
622758765,12/Apr/2025,15/Apr/2025,"Payment for booking #86253738",Cleared,-£46.00,Free,-£46.00,
621915793,11/Apr/2025,16/Apr/2025,"Owner fee payment for #86254218",Cleared,-£1.15,-£0.23,,-£1.38
621915789,11/Apr/2025,16/Apr/2025,"Payment for booking #86254218",Cleared,£46.00,Free,£46.00,
621911619,11/Apr/2025,15/Apr/2025,"Owner fee payment for #86253738",Cleared,-£1.15,-£0.23,,-£1.38
621911615,11/Apr/2025,15/Apr/2025,"Payment for booking #86253738",Cleared,£46.00,Free,£46.00,
621853217,10/Apr/2025,13/Apr/2025,"Owner fee payment for #86247868",Cleared,-£0.34,-£0.07,,-£0.41
621853213,10/Apr/2025,13/Apr/2025,"Payment for booking #86247868",Cleared,£13.50,Free,£13.50,
621124373,09/Apr/2025,22/May/2025,"Owner fee payment for #86167952",Cleared,-£2.64,-£0.53,,-£3.17
621124369,09/Apr/2025,22/May/2025,"Payment for booking #86167952",Cleared,£105.60,Free,£105.60,
620638257,08/Apr/2025,11/Apr/2025,"Owner fee payment for #86113720",Cleared,-£1.15,-£0.23,,-£1.38
620638253,08/Apr/2025,11/Apr/2025,"Payment for booking #86113720",Cleared,£46.00,Free,£46.00,
620537527,08/Apr/2025,08/May/2025,"Owner fee payment for #70688685",Cleared,-£3.09,-£0.62,,-£3.71
620537523,08/Apr/2025,08/May/2025,"Payment for booking #70688685",Cleared,£123.74,Free,£123.74,
620486077,07/Apr/2025,10/Apr/2025,"Owner fee payment for #86094602",Cleared,-£0.34,-£0.07,,-£0.41
620486073,07/Apr/2025,10/Apr/2025,"Payment for booking #86094602",Cleared,£13.50,Free,£13.50,
620304379,07/Apr/2025,07/May/2025,"Owner fee payment for #86076596",Cleared,-£2.64,-£0.53,,-£3.17
620304375,07/Apr/2025,07/May/2025,"Payment for booking #86076596",Cleared,£105.60,Free,£105.60,
620073351,06/Apr/2025,18/Apr/2025,"Owner fee payment for #86048540",Cleared,-£1.15,-£0.23,,-£1.38
620073347,06/Apr/2025,18/Apr/2025,"Payment for booking #86048540",Cleared,£46.00,Free,£46.00,
619253283,04/Apr/2025,09/Apr/2025,"Owner fee payment for #85958041",Cleared,-£1.15,-£0.23,,-£1.38
619253279,04/Apr/2025,09/Apr/2025,"Payment for booking #85958041",Cleared,£46.00,Free,£46.00,
618574563,03/Apr/2025,07/May/2025,"Owner fee payment for #85883842",Cleared,-£2.60,-£0.52,,-£3.12
618574559,03/Apr/2025,07/May/2025,"Payment for booking #85883842",Cleared,£104.00,Free,£104.00,
617428993,31/Mar/2025,28/Apr/2025,"Owner fee payment for #85753691",Cleared,-£1.49,-£0.30,,-£1.79
617428989,31/Mar/2025,28/Apr/2025,"Payment for booking #85753691",Cleared,£59.50,Free,£59.50,
614372819,23/Mar/2025,14/May/2025,"Owner fee payment for #85399471",Cleared,-£2.60,-£0.52,,-£3.12
614372815,23/Mar/2025,14/May/2025,"Payment for booking #85399471",Cleared,£104.00,Free,£104.00,
610848399,14/Mar/2025,14/Mar/2025,"Payment withdrawal",Cleared,-£265.53,Free,,-£265.53
608410628,08/Mar/2025,08/Apr/2025,"Owner fee payment for #70688685",Cleared,-£3.09,-£0.62,,-£3.71
608410624,08/Mar/2025,08/Apr/2025,"Payment for booking #70688685",Cleared,£123.74,Free,£123.74,
599030710,11/Feb/2025,11/Feb/2025,"Payment withdrawal",Cleared,-£367.96,Free,,-£367.96
598260010,09/Feb/2025,09/Mar/2025,"Owner fee payment for #76174946",Cleared,-£3.75,-£0.75,,-£4.50
598260006,09/Feb/2025,09/Mar/2025,"Payment for booking #76174946",Cleared,£150.00,Free,£150.00,
597867660,08/Feb/2025,08/Mar/2025,"Owner fee payment for #70688685",Cleared,-£3.09,-£0.62,,-£3.71
597867656,08/Feb/2025,08/Mar/2025,"Payment for booking #70688685",Cleared,£123.74,Free,£123.74,
596890128,05/Feb/2025,05/Feb/2025,"Payment withdrawal",Cleared,-£294.88,Free,,-£294.88
596825160,05/Feb/2025,05/Mar/2025,"REFUND: Owner fee payment for #77328055",Cleared,£2.70,£0.54,£3.24,
596825156,05/Feb/2025,05/Mar/2025,"Payment for booking #77328055",Cleared,-£108.00,Free,-£108.00,
596719518,05/Feb/2025,05/Mar/2025,"Owner fee payment for #77328055",Cleared,-£2.70,-£0.54,,-£3.24
596719514,05/Feb/2025,05/Mar/2025,"Payment for booking #77328055",Cleared,£108.00,Free,£108.00,
589101730,13/Jan/2025,13/Jan/2025,"Payment withdrawal",Cleared,-£749.03,Free,,-£749.03
588952136,12/Jan/2025,15/Jan/2025,"Owner fee payment for #82471209",Cleared,-£1.10,-£0.22,,-£1.32
588952132,12/Jan/2025,15/Jan/2025,"Payment for booking #82471209",Cleared,£44.00,Free,£44.00,
587779410,09/Jan/2025,15/Jan/2025,"Owner fee payment for #82335547",Cleared,-£1.10,-£0.22,,-£1.32
587779406,09/Jan/2025,15/Jan/2025,"Payment for booking #82335547",Cleared,£44.00,Free,£44.00,
587726834,09/Jan/2025,09/Feb/2025,"Owner fee payment for #76174946",Cleared,-£3.75,-£0.75,,-£4.50
587726830,09/Jan/2025,09/Feb/2025,"Payment for booking #76174946",Cleared,£150.00,Free,£150.00,
587443784,08/Jan/2025,08/Feb/2025,"Owner fee payment for #70688685",Cleared,-£3.09,-£0.62,,-£3.71
587443780,08/Jan/2025,08/Feb/2025,"Payment for booking #70688685",Cleared,£123.74,Free,£123.74,
587267488,07/Jan/2025,10/Jan/2025,"Owner fee payment for #82276485",Cleared,-£0.98,-£0.20,,-£1.17
587267484,07/Jan/2025,10/Jan/2025,"Payment for booking #82276485",Cleared,£39.00,Free,£39.00,
587152478,07/Jan/2025,07/Feb/2025,"Owner fee payment for #72018039",Cleared,-£2.64,-£0.53,,-£3.17
587152474,07/Jan/2025,07/Feb/2025,"Payment for booking #72018039",Cleared,£105.60,Free,£105.60,
586693900,05/Jan/2025,05/Feb/2025,"Owner fee payment for #77328055",Cleared,-£2.70,-£0.54,,-£3.24
586693896,05/Jan/2025,05/Feb/2025,"Payment for booking #77328055",Cleared,£108.00,Free,£108.00,
586210060,03/Jan/2025,07/Jan/2025,"Owner fee payment for #82153254",Cleared,-£1.10,-£0.22,,-£1.32
586210056,03/Jan/2025,07/Jan/2025,"Payment for booking #82153254",Cleared,£44.00,Free,£44.00,
585201206,30/Dec/2024,02/Jan/2025,"Owner fee payment for #82035536",Cleared,-£0.33,-£0.08,,-£0.39
585201202,30/Dec/2024,02/Jan/2025,"Payment for booking #82035536",Cleared,£13.00,Free,£13.00,
584867936,30/Dec/2024,30/Nov/2024,"Payment for booking #78454324",Cleared,-£0.14,Free,-£0.14,
584867934,30/Dec/2024,30/Oct/2024,"REFUND: Owner fee payment for #78454324",Cleared,£2.70,£0.54,£3.24,
584867930,30/Dec/2024,30/Oct/2024,"Payment for booking #78454324",Cleared,-£108.00,Free,-£108.00,
584857156,30/Dec/2024,30/Jan/2025,"Owner fee payment for #78454324",Cleared,-£2.70,-£0.54,,-£3.24
584857152,30/Dec/2024,30/Jan/2025,"Payment for booking #78454324",Cleared,£108.00,Free,£108.00,
584845168,29/Dec/2024,01/Jan/2025,"Owner fee payment for #81994196",Cleared,-£1.10,-£0.22,,-£1.32
584845164,29/Dec/2024,01/Jan/2025,"Payment for booking #81994196",Cleared,£44.00,Free,£44.00,
582353981,20/Dec/2024,03/Jan/2025,"Owner fee payment for #81701422",Cleared,-£1.10,-£0.22,,-£1.32
582353977,20/Dec/2024,03/Jan/2025,"Payment for booking #81701422",Cleared,£44.00,Free,£44.00,
578776497,10/Dec/2024,10/Dec/2024,"Payment withdrawal",Cleared,-£781.18,Free,,-£781.18
578294071,09/Dec/2024,09/Jan/2025,"Owner fee payment for #76174946",Cleared,-£3.75,-£0.75,,-£4.50
578294067,09/Dec/2024,09/Jan/2025,"Payment for booking #76174946",Cleared,£150.00,Free,£150.00,
578288077,08/Dec/2024,11/Dec/2024,"Owner fee payment for #81220024",Cleared,-£0.33,-£0.08,,-£0.39
578288073,08/Dec/2024,11/Dec/2024,"Payment for booking #81220024",Cleared,£13.00,Free,£13.00,
578272713,08/Dec/2024,11/Dec/2024,"Owner fee payment for #81218469",Cleared,-£1.10,-£0.22,,-£1.32
578272709,08/Dec/2024,11/Dec/2024,"Payment for booking #81218469",Cleared,£44.00,Free,£44.00,
578057401,08/Dec/2024,08/Jan/2025,"Owner fee payment for #70688685",Cleared,-£3.09,-£0.62,,-£3.71
578057397,08/Dec/2024,08/Jan/2025,"Payment for booking #70688685",Cleared,£123.74,Free,£123.74,
577790739,07/Dec/2024,07/Jan/2025,"Owner fee payment for #72018039",Cleared,-£2.64,-£0.53,,-£3.17
577790735,07/Dec/2024,07/Jan/2025,"Payment for booking #72018039",Cleared,£105.60,Free,£105.60,
577070415,05/Dec/2024,05/Jan/2025,"Owner fee payment for #77328055",Cleared,-£2.70,-£0.54,,-£3.24
577070411,05/Dec/2024,05/Jan/2025,"Payment for booking #77328055",Cleared,£108.00,Free,£108.00,
575437237,30/Nov/2024,30/Dec/2024,"Owner fee payment for #78454324",Cleared,-£2.70,-£0.54,,-£3.24
575437233,30/Nov/2024,30/Dec/2024,"Payment for booking #78454324",Cleared,£108.00,Free,£108.00,
575428903,29/Nov/2024,02/Dec/2024,"Owner fee payment for #80885770",Cleared,-£0.33,-£0.08,,-£0.39
575428899,29/Nov/2024,02/Dec/2024,"Payment for booking #80885770",Cleared,£13.00,Free,£13.00,
573032748,22/Nov/2024,07/Dec/2024,"Owner fee payment for #80608603",Cleared,-£0.33,-£0.08,,-£0.39
573032744,22/Nov/2024,07/Dec/2024,"Payment for booking #80608603",Cleared,£13.00,Free,£13.00,
572659320,21/Nov/2024,24/Nov/2024,"Owner fee payment for #80565197",Cleared,-£0.33,-£0.08,,-£0.39
572659316,21/Nov/2024,24/Nov/2024,"Payment for booking #80565197",Cleared,£13.00,Free,£13.00,
572383960,20/Nov/2024,23/Nov/2024,"Owner fee payment for #80532351",Cleared,-£0.33,-£0.08,,-£0.39
572383956,20/Nov/2024,23/Nov/2024,"Payment for booking #80532351",Cleared,£13.00,Free,£13.00,
571561230,18/Nov/2024,15/Dec/2024,"Owner fee payment for #80438152",Cleared,-£1.10,-£0.22,,-£1.32
571561226,18/Nov/2024,15/Dec/2024,"Payment for booking #80438152",Cleared,£44.00,Free,£44.00,
570928436,16/Nov/2024,20/Nov/2024,"Owner fee payment for #80363709",Cleared,-£1.10,-£0.22,,-£1.32
570928432,16/Nov/2024,20/Nov/2024,"Payment for booking #80363709",Cleared,£44.00,Free,£44.00,
570071008,13/Nov/2024,17/Nov/2024,"Owner fee payment for #80262767",Cleared,-£0.33,-£0.08,,-£0.39
570071004,13/Nov/2024,17/Nov/2024,"Payment for booking #80262767",Cleared,£13.00,Free,£13.00,
570041868,13/Nov/2024,16/Nov/2024,"Owner fee payment for #80260051",Cleared,-£0.33,-£0.08,,-£0.39
570041864,13/Nov/2024,16/Nov/2024,"Payment for booking #80260051",Cleared,£13.00,Free,£13.00,
569587562,12/Nov/2024,12/Nov/2024,"Payment withdrawal",Cleared,-£595.91,Free,,-£595.91
569072706,10/Nov/2024,30/Nov/2024,"Owner fee payment for #80146146",Cleared,-£1.10,-£0.22,,-£1.32
569072702,10/Nov/2024,30/Nov/2024,"Payment for booking #80146146",Cleared,£44.00,Free,£44.00,
568490660,09/Nov/2024,09/Dec/2024,"Owner fee payment for #76174946",Cleared,-£3.75,-£0.75,,-£4.50
568490656,09/Nov/2024,09/Dec/2024,"Payment for booking #76174946",Cleared,£150.00,Free,£150.00,
568123610,08/Nov/2024,08/Dec/2024,"Owner fee payment for #70688685",Cleared,-£3.09,-£0.62,,-£3.71
568123606,08/Nov/2024,08/Dec/2024,"Payment for booking #70688685",Cleared,£123.74,Free,£123.74,
567775992,07/Nov/2024,07/Dec/2024,"Owner fee payment for #72018039",Cleared,-£2.64,-£0.53,,-£3.17
567775988,07/Nov/2024,07/Dec/2024,"Payment for booking #72018039",Cleared,£105.60,Free,£105.60,
567088746,05/Nov/2024,05/Dec/2024,"Owner fee payment for #77328055",Cleared,-£2.70,-£0.54,,-£3.24
567088742,05/Nov/2024,05/Dec/2024,"Payment for booking #77328055",Cleared,£108.00,Free,£108.00,
566906300,04/Nov/2024,04/Nov/2024,"Payment withdrawal",Cleared,-£172.66,Free,,-£172.66
566065634,01/Nov/2024,06/Nov/2024,"Owner fee payment for #79799369",Cleared,-£0.33,-£0.08,,-£0.39
566065630,01/Nov/2024,06/Nov/2024,"Payment for booking #79799369",Cleared,£13.00,Free,£13.00,
566043540,01/Nov/2024,05/Nov/2024,"Owner fee payment for #79797046",Cleared,-£1.10,-£0.22,,-£1.32
566043536,01/Nov/2024,05/Nov/2024,"Payment for booking #79797046",Cleared,£44.00,Free,£44.00,
564905914,30/Oct/2024,01/Nov/2024,"Owner fee payment for #79664973",Cleared,-£0.33,-£0.08,,-£0.39
564905910,30/Oct/2024,01/Nov/2024,"Payment for booking #79664973",Cleared,£13.00,Free,£13.00,
564905138,30/Oct/2024,30/Nov/2024,"Owner fee payment for #78454324",Cleared,-£2.70,-£0.54,,-£3.24
564905134,30/Oct/2024,30/Nov/2024,"Payment for booking #78454324",Cleared,£108.00,Free,£108.00,
564813796,29/Oct/2024,01/Nov/2024,"Owner fee payment for #79656305",Cleared,-£1.10,-£0.22,,-£1.32
564813792,29/Oct/2024,01/Nov/2024,"Payment for booking #79656305",Cleared,£44.00,Free,£44.00,
564589090,29/Oct/2024,02/Nov/2024,"Owner fee payment for #79630862",Cleared,-£0.33,-£0.08,,-£0.39
564589086,29/Oct/2024,02/Nov/2024,"Payment for booking #79630862",Cleared,£13.00,Free,£13.00,
564473936,28/Oct/2024,01/Dec/2024,"Owner fee payment for #79615904",Cleared,-£1.10,-£0.22,,-£1.32
564473932,28/Oct/2024,01/Dec/2024,"Payment for booking #79615904",Cleared,£44.00,Free,£44.00,
564102650,27/Oct/2024,02/Nov/2024,"Owner fee payment for #79573175",Cleared,-£0.33,-£0.08,,-£0.39
564102646,27/Oct/2024,02/Nov/2024,"Payment for booking #79573175",Cleared,£13.00,Free,£13.00,
563204770,25/Oct/2024,30/Oct/2024,"REFUND: Owner fee payment for #79469369",Cleared,£1.10,£0.22,£1.32,
563204766,25/Oct/2024,30/Oct/2024,"Payment for booking #79469369",Cleared,-£44.00,Free,-£44.00,
563186916,25/Oct/2024,30/Oct/2024,"Owner fee payment for #79469369",Cleared,-£1.10,-£0.22,,-£1.32
563186912,25/Oct/2024,30/Oct/2024,"Payment for booking #79469369",Cleared,£44.00,Free,£44.00,
562936934,24/Oct/2024,27/Oct/2024,"Owner fee payment for #79438743",Cleared,-£0.33,-£0.08,,-£0.39
562936930,24/Oct/2024,27/Oct/2024,"Payment for booking #79438743",Cleared,£13.00,Free,£13.00,
562795548,24/Oct/2024,24/Oct/2024,"Payment withdrawal",Cleared,-£226.98,Free,,-£226.98
561511106,20/Oct/2024,23/Oct/2024,"Owner fee payment for #79271427",Cleared,-£1.10,-£0.22,,-£1.32
561511102,20/Oct/2024,23/Oct/2024,"Payment for booking #79271427",Cleared,£44.00,Free,£44.00,
560492046,17/Oct/2024,20/Oct/2024,"Owner fee payment for #79152893",Cleared,-£0.33,-£0.08,,-£0.39
560492042,17/Oct/2024,20/Oct/2024,"Payment for booking #79152893",Cleared,£13.00,Free,£13.00,
560473188,17/Oct/2024,20/Oct/2024,"Owner fee payment for #79150855",Cleared,-£1.10,-£0.22,,-£1.32
560473184,17/Oct/2024,20/Oct/2024,"Payment for booking #79150855",Cleared,£44.00,Free,£44.00,
560327848,17/Oct/2024,17/Oct/2024,"Payment withdrawal",Cleared,-£603.67,Free,,-£603.67
560120798,16/Oct/2024,19/Oct/2024,"Owner fee payment for #79109281",Cleared,-£0.33,-£0.08,,-£0.39
560120794,16/Oct/2024,19/Oct/2024,"Payment for booking #79109281",Cleared,£13.00,Free,£13.00,
559693378,15/Oct/2024,17/Oct/2024,"REFUND: Owner fee payment for #79059328",Cleared,£1.10,£0.22,£1.32,
559693374,15/Oct/2024,17/Oct/2024,"Payment for booking #79059328",Cleared,-£44.03,Free,-£44.03,
559677546,15/Oct/2024,17/Oct/2024,"Owner fee payment for #79059328",Cleared,-£1.10,-£0.22,,-£1.32
559677542,15/Oct/2024,17/Oct/2024,"Payment for booking #79059328",Cleared,£44.03,Free,£44.03,
558866016,13/Oct/2024,05/Nov/2024,"Owner fee payment for #78963440",Cleared,-£1.10,-£0.22,,-£1.32
558866012,13/Oct/2024,05/Nov/2024,"Payment for booking #78963440",Cleared,£44.00,Free,£44.00,
557362252,09/Oct/2024,09/Nov/2024,"Owner fee payment for #76174946",Cleared,-£3.75,-£0.75,,-£4.50
557362248,09/Oct/2024,09/Nov/2024,"Payment for booking #76174946",Cleared,£150.00,Free,£150.00,
557014790,08/Oct/2024,08/Nov/2024,"Owner fee payment for #70688685",Cleared,-£3.09,-£0.62,,-£3.71
557014786,08/Oct/2024,08/Nov/2024,"Payment for booking #70688685",Cleared,£123.74,Free,£123.74,
556675546,07/Oct/2024,07/Nov/2024,"Owner fee payment for #72018039",Cleared,-£2.64,-£0.53,,-£3.17
556675542,07/Oct/2024,07/Nov/2024,"Payment for booking #72018039",Cleared,£105.60,Free,£105.60,
556040524,05/Oct/2024,05/Nov/2024,"Owner fee payment for #77328055",Cleared,-£2.70,-£0.54,,-£3.24
556040520,05/Oct/2024,05/Nov/2024,"Payment for booking #77328055",Cleared,£108.00,Free,£108.00,
554466358,30/Sep/2024,30/Oct/2024,"Owner fee payment for #78454324",Cleared,-£2.70,-£0.54,,-£3.24
554466350,30/Sep/2024,30/Oct/2024,"Payment for booking #78454324",Cleared,£108.00,Free,£108.00,
554392478,30/Sep/2024,30/Sep/2024,"Payment withdrawal",Cleared,-£159.08,Free,,-£159.08
550334240,19/Sep/2024,19/Oct/2024,"Owner fee payment for #76599413",Cleared,-£3.00,-£0.60,,-£3.60
550334236,19/Sep/2024,19/Oct/2024,"Payment for booking #76599413",Cleared,£120.00,Free,£120.00,
547221444,10/Sep/2024,10/Sep/2024,"Payment withdrawal",Cleared,-£581.79,Free,,-£581.79
546690856,09/Sep/2024,09/Oct/2024,"Owner fee payment for #76174946",Cleared,-£3.75,-£0.75,,-£4.50
546690852,09/Sep/2024,09/Oct/2024,"Payment for booking #76174946",Cleared,£150.00,Free,£150.00,
546672904,08/Sep/2024,23/Sep/2024,"Owner fee payment for #77552081",Cleared,-£1.10,-£0.22,,-£1.32
546672900,08/Sep/2024,23/Sep/2024,"Payment for booking #77552081",Cleared,£44.00,Free,£44.00,
546434976,08/Sep/2024,08/Oct/2024,"Owner fee payment for #70688685",Cleared,-£3.09,-£0.62,,-£3.71
546434972,08/Sep/2024,08/Oct/2024,"Payment for booking #70688685",Cleared,£123.74,Free,£123.74,
546157202,07/Sep/2024,01/Aug/2024,"REFUND: Owner fee payment for #73191578",Cleared,£0.01,Free,£0.01,
546157198,07/Sep/2024,01/Jul/2024,"REFUND: Owner fee payment for #73191578",Cleared,£3.37,£0.67,£4.04,
546157194,07/Sep/2024,01/Jul/2024,"Payment for booking #73191578",Cleared,-£134.57,Free,-£134.57,
546061236,07/Sep/2024,07/Oct/2024,"Owner fee payment for #72018039",Cleared,-£2.64,-£0.53,,-£3.17
546061232,07/Sep/2024,07/Oct/2024,"Payment for booking #72018039",Cleared,£105.60,Free,£105.60,
545052334,04/Sep/2024,07/Sep/2024,"Owner fee payment for #77364190",Cleared,-£1.10,-£0.22,,-£1.32
545052330,04/Sep/2024,07/Sep/2024,"Payment for booking #77364190",Cleared,£44.00,Free,£44.00,
544729966,03/Sep/2024,05/Oct/2024,"Owner fee payment for #77328055",Cleared,-£2.70,-£0.54,,-£3.24
544729962,03/Sep/2024,05/Oct/2024,"Payment for booking #77328055",Cleared,£108.00,Free,£108.00,
544009822,01/Sep/2024,01/Oct/2024,"Owner fee payment for #73191578",Cleared,-£3.38,-£0.68,,-£4.05
544009818,01/Sep/2024,01/Oct/2024,"Payment for booking #73191578",Cleared,£135.00,Free,£135.00,
541813010,26/Aug/2024,29/Aug/2024,"Owner fee payment for #76993086",Cleared,-£1.10,-£0.22,,-£1.32
541813006,26/Aug/2024,29/Aug/2024,"Payment for booking #76993086",Cleared,£44.00,Free,£44.00,
538410884,18/Aug/2024,21/Aug/2024,"Owner fee payment for #76604013",Cleared,-£1.10,-£0.22,,-£1.32
538410880,18/Aug/2024,21/Aug/2024,"Payment for booking #76604013",Cleared,£44.00,Free,£44.00,
538368778,18/Aug/2024,19/Sep/2024,"Owner fee payment for #76599413",Cleared,-£3.00,-£0.60,,-£3.60
538368774,18/Aug/2024,19/Sep/2024,"Payment for booking #76599413",Cleared,£120.00,Free,£120.00,
536277228,13/Aug/2024,16/Aug/2024,"Owner fee payment for #76362753",Cleared,-£1.10,-£0.22,,-£1.32
536277224,13/Aug/2024,16/Aug/2024,"Payment for booking #76362753",Cleared,£44.00,Free,£44.00,
534629050,09/Aug/2024,09/Sep/2024,"Owner fee payment for #76174946",Cleared,-£3.75,-£0.75,,-£4.50
534629046,09/Aug/2024,09/Sep/2024,"Payment for booking #76174946",Cleared,£150.00,Free,£150.00,
534307112,08/Aug/2024,08/Aug/2024,"Payment withdrawal",Cleared,-£506.67,Free,,-£506.67
534120778,08/Aug/2024,08/Sep/2024,"Owner fee payment for #70688685",Cleared,-£3.09,-£0.62,,-£3.71
534120774,08/Aug/2024,08/Sep/2024,"Payment for booking #70688685",Cleared,£123.74,Free,£123.74,
533705362,07/Aug/2024,07/Sep/2024,"Owner fee payment for #72018039",Cleared,-£2.64,-£0.53,,-£3.17
533705358,07/Aug/2024,07/Sep/2024,"Payment for booking #72018039",Cleared,£105.60,Free,£105.60,
533044162,05/Aug/2024,10/Aug/2024,"Owner fee payment for #75991864",Cleared,-£1.10,-£0.22,,-£1.32
533044158,05/Aug/2024,10/Aug/2024,"Payment for booking #75991864",Cleared,£44.00,Free,£44.00,
532862892,04/Aug/2024,07/Aug/2024,"Owner fee payment for #75968937",Cleared,-£1.10,-£0.22,,-£1.32
532862888,04/Aug/2024,07/Aug/2024,"Payment for booking #75968937",Cleared,£44.00,Free,£44.00,
532114424,03/Aug/2024,05/Aug/2024,"Owner fee payment for #75880752",Cleared,-£0.65,-£0.13,,-£0.78
532114420,03/Aug/2024,05/Aug/2024,"Payment for booking #75880752",Cleared,£26.00,Free,£26.00,
531932230,02/Aug/2024,05/Aug/2024,"Owner fee payment for #75861200",Cleared,-£1.10,-£0.22,,-£1.32
531932226,02/Aug/2024,05/Aug/2024,"Payment for booking #75861200",Cleared,£44.00,Free,£44.00,
531235794,01/Aug/2024,01/Sep/2024,"Owner fee payment for #73191578",Cleared,-£3.38,-£0.68,,-£4.05
531235790,01/Aug/2024,01/Sep/2024,"Payment for booking #73191578",Cleared,£135.00,Free,£135.00,
526971176,21/Jul/2024,24/Jul/2024,"Owner fee payment for #75279306",Cleared,-£1.10,-£0.22,,-£1.32
526971172,21/Jul/2024,24/Jul/2024,"Payment for booking #75279306",Cleared,£44.00,Free,£44.00,
522422748,08/Jul/2024,08/Jul/2024,"Payment withdrawal",Cleared,-£498.91,Free,,-£498.91
522253878,08/Jul/2024,08/Aug/2024,"Owner fee payment for #70688685",Cleared,-£3.09,-£0.62,,-£3.71
522253874,08/Jul/2024,08/Aug/2024,"Payment for booking #70688685",Cleared,£123.74,Free,£123.74,
521975446,07/Jul/2024,07/Aug/2024,"Owner fee payment for #72018039",Cleared,-£2.64,-£0.53,,-£3.17
521975442,07/Jul/2024,07/Aug/2024,"Payment for booking #72018039",Cleared,£105.60,Free,£105.60,
520149160,02/Jul/2024,01/Aug/2024,"Owner fee payment for #73191578",Cleared,-£3.38,-£0.68,,-£4.05
520149156,02/Jul/2024,01/Aug/2024,"Payment for booking #73191578",Cleared,£135.00,Free,£135.00,
513811724,14/Jun/2024,14/Jun/2024,"Payment withdrawal",Cleared,-£424.02,Free,,-£424.02
511519210,08/Jun/2024,08/Jul/2024,"Owner fee payment for #70688685",Cleared,-£3.09,-£0.62,,-£3.71
511519206,08/Jun/2024,08/Jul/2024,"Payment for booking #70688685",Cleared,£123.74,Free,£123.74,
511139868,07/Jun/2024,07/Jul/2024,"Owner fee payment for #72018039",Cleared,-£2.64,-£0.53,,-£3.17
511139864,07/Jun/2024,07/Jul/2024,"Payment for booking #72018039",Cleared,£105.60,Free,£105.60,
509085090,01/Jun/2024,01/Jul/2024,"Owner fee payment for #73191578",Cleared,-£3.38,-£0.68,,-£4.05
509085086,01/Jun/2024,01/Jul/2024,"Payment for booking #73191578",Cleared,£135.00,Free,£135.00,
508826784,31/May/2024,05/Jun/2024,"Owner fee payment for #73162254",Cleared,-£1.52,-£0.30,,-£1.82
508826777,31/May/2024,05/Jun/2024,"Payment for booking #73162254",Cleared,£60.79,Free,£60.79,
508483480,30/May/2024,04/Jun/2024,"Owner fee payment for #73121532",Cleared,-£3.38,-£0.68,,-£4.05
508483476,30/May/2024,04/Jun/2024,"Payment for booking #73121532",Cleared,£135.00,Free,£135.00,
508482700,30/May/2024,29/Jul/2024,"REFUND: Owner fee payment for #72251362",Cleared,£3.76,£0.75,£4.51,
508482696,30/May/2024,29/Jul/2024,"Payment for booking #72251362",Cleared,-£150.36,Free,-£150.36,
507874122,29/May/2024,29/May/2024,"Payment withdrawal",Cleared,-£104.41,Free,,-£104.41
506557682,26/May/2024,31/May/2024,"Owner fee payment for #72900413",Cleared,-£0.30,-£0.06,,-£0.36
506557678,26/May/2024,31/May/2024,"Payment for booking #72900413",Cleared,£12.00,Free,£12.00,
506468416,25/May/2024,28/Jun/2024,"Owner fee payment for #72890224",Cleared,-£3.75,-£0.75,,-£4.50
506468412,25/May/2024,28/Jun/2024,"Payment for booking #72890224",Cleared,£150.00,Free,£150.00,
506313848,25/May/2024,28/May/2024,"Owner fee payment for #72873772",Cleared,-£1.19,-£0.24,,-£1.43
506313844,25/May/2024,28/May/2024,"Payment for booking #72873772",Cleared,£47.79,Free,£47.79,
505165090,22/May/2024,25/May/2024,"Owner fee payment for #72740634",Cleared,-£0.30,-£0.06,,-£0.36
505165086,22/May/2024,25/May/2024,"Payment for booking #72740634",Cleared,£12.01,Free,£12.01,
503754004,18/May/2024,18/May/2024,"Payment withdrawal",Cleared,-£92.76,Free,,-£92.76
502824952,16/May/2024,18/May/2024,"Owner fee payment for #72466368",Cleared,-£1.19,-£0.24,,-£1.43
502824948,16/May/2024,18/May/2024,"Payment for booking #72466368",Cleared,£47.79,Free,£47.79,
502169474,14/May/2024,28/May/2024,"Owner fee payment for #72391337",Cleared,-£1.20,-£0.24,,-£1.44
502169470,14/May/2024,28/May/2024,"Payment for booking #72391337",Cleared,£47.84,Free,£47.84,
501479704,11/May/2024,16/May/2024,"Owner fee payment for #72310367",Cleared,-£1.20,-£0.24,,-£1.44
501479700,11/May/2024,16/May/2024,"Payment for booking #72310367",Cleared,£47.84,Free,£47.84,
500954936,10/May/2024,29/Jul/2024,"Owner fee payment for #72251362",Cleared,-£3.76,-£0.75,,-£4.51
500954932,10/May/2024,29/Jul/2024,"Payment for booking #72251362",Cleared,£150.36,Free,£150.36,
500488678,09/May/2024,09/May/2024,"Payment withdrawal",Cleared,-£200.29,Free,,-£200.29
499930570,08/May/2024,08/Jun/2024,"Owner fee payment for #70688685",Cleared,-£3.09,-£0.62,,-£3.71
499930566,08/May/2024,08/Jun/2024,"Payment for booking #70688685",Cleared,£123.74,Free,£123.74,
498950494,05/May/2024,07/Jun/2024,"Owner fee payment for #72018039",Cleared,-£2.64,-£0.53,,-£3.17
498950490,05/May/2024,07/Jun/2024,"Payment for booking #72018039",Cleared,£105.60,Free,£105.60,
496920364,29/Apr/2024,03/Apr/2024,"REFUND: Owner fee payment for #68827529",Cleared,£1.80,£0.36,£2.16,
496920360,29/Apr/2024,03/Apr/2024,"Payment for booking #68827529",Cleared,-£71.94,Free,-£71.94,
496537040,28/Apr/2024,28/Apr/2024,"Payment withdrawal",Cleared,-£94.40,Free,,-£94.40
495621120,25/Apr/2024,28/Apr/2024,"Owner fee payment for #71631181",Cleared,-£0.30,-£0.06,,-£0.36
495621116,25/Apr/2024,28/Apr/2024,"Payment for booking #71631181",Cleared,£12.01,Free,£12.01,
494557288,23/Apr/2024,25/Apr/2024,"Owner fee payment for #71505610",Cleared,-£0.60,-£0.12,,-£0.72
494557284,23/Apr/2024,25/Apr/2024,"Payment for booking #71505610",Cleared,£24.03,Free,£24.03,
494537958,23/Apr/2024,26/Apr/2024,"Owner fee payment for #71503020",Cleared,-£0.90,-£0.18,,-£1.08
494537954,23/Apr/2024,26/Apr/2024,"Payment for booking #71503020",Cleared,£36.04,Free,£36.04,
494159788,21/Apr/2024,24/Apr/2024,"Owner fee payment for #71459189",Cleared,-£0.30,-£0.06,,-£0.36
494159784,21/Apr/2024,24/Apr/2024,"Payment for booking #71459189",Cleared,£12.01,Free,£12.01,
492915388,18/Apr/2024,18/Apr/2024,"Payment withdrawal",Cleared,-£168.98,Free,,-£168.98
491952614,15/Apr/2024,18/Apr/2024,"Owner fee payment for #71201806",Cleared,-£0.33,-£0.07,,-£0.40
491952610,15/Apr/2024,18/Apr/2024,"Payment for booking #71201806",Cleared,£13.23,Free,£13.23,
491658678,15/Apr/2024,17/Apr/2024,"REFUND: Owner fee payment for #71151740",Cleared,£1.29,£0.26,£1.55,
491658674,15/Apr/2024,17/Apr/2024,"Payment for booking #71151740",Cleared,-£51.51,Free,-£51.51,
491609576,14/Apr/2024,17/Apr/2024,"Owner fee payment for #71161431",Cleared,-£1.29,-£0.26,,-£1.55
491609572,14/Apr/2024,17/Apr/2024,"Payment for booking #71161431",Cleared,£51.51,Free,£51.51,
491521238,14/Apr/2024,17/Apr/2024,"Owner fee payment for #71151740",Cleared,-£1.29,-£0.26,,-£1.55
491521234,14/Apr/2024,17/Apr/2024,"Payment for booking #71151740",Cleared,£51.51,Free,£51.51,
490948684,12/Apr/2024,15/Apr/2024,"Owner fee payment for #71084907",Cleared,-£0.33,-£0.07,,-£0.40
490948680,12/Apr/2024,15/Apr/2024,"Payment for booking #71084907",Cleared,£13.23,Free,£13.23,
490456966,11/Apr/2024,14/Apr/2024,"Owner fee payment for #71027640",Cleared,-£0.33,-£0.07,,-£0.40
490456962,11/Apr/2024,14/Apr/2024,"Payment for booking #71027640",Cleared,£13.23,Free,£13.23,
490000892,10/Apr/2024,13/Apr/2024,"Owner fee payment for #70975673",Cleared,-£0.33,-£0.07,,-£0.40
490000888,10/Apr/2024,13/Apr/2024,"Payment for booking #70975673",Cleared,£13.23,Free,£13.23,
489625294,09/Apr/2024,12/Apr/2024,"Owner fee payment for #70929389",Cleared,-£0.33,-£0.07,,-£0.40
489625290,09/Apr/2024,12/Apr/2024,"Payment for booking #70929389",Cleared,£13.24,Free,£13.24,
489579026,09/Apr/2024,12/Apr/2024,"Owner fee payment for #70925564",Cleared,-£0.33,-£0.07,,-£0.40
489579022,09/Apr/2024,12/Apr/2024,"Payment for booking #70925564",Cleared,£13.23,Free,£13.23,
489440928,09/Apr/2024,09/Apr/2024,"Payment withdrawal",Cleared,-£621.81,Free,,-£621.81
489132270,08/Apr/2024,11/Apr/2024,"Owner fee payment for #70873333",Cleared,-£0.33,-£0.07,,-£0.40
489132266,08/Apr/2024,11/Apr/2024,"Payment for booking #70873333",Cleared,£13.24,Free,£13.24,
488816092,07/Apr/2024,10/Apr/2024,"Owner fee payment for #70834098",Cleared,-£0.33,-£0.07,,-£0.40
488816088,07/Apr/2024,10/Apr/2024,"Payment for booking #70834098",Cleared,£13.24,Free,£13.24,
487627974,04/Apr/2024,07/Apr/2024,"REFUND: Owner fee payment for #70689004",Cleared,£0.38,£0.08,£0.45,
487627970,04/Apr/2024,07/Apr/2024,"Payment for booking #70689004",Cleared,-£15.04,Free,-£15.04,
487555412,04/Apr/2024,07/Apr/2024,"Owner fee payment for #70689004",Cleared,-£0.38,-£0.08,,-£0.45
487555408,04/Apr/2024,07/Apr/2024,"Payment for booking #70689004",Cleared,£15.04,Free,£15.04,
487552410,04/Apr/2024,08/May/2024,"Owner fee payment for #70688685",Cleared,-£3.09,-£0.62,,-£3.71
487552406,04/Apr/2024,08/May/2024,"Payment for booking #70688685",Cleared,£123.74,Free,£123.74,
487537042,04/Apr/2024,07/Apr/2024,"Owner fee payment for #70687074",Cleared,-£0.38,-£0.08,,-£0.45
487537038,04/Apr/2024,07/Apr/2024,"Payment for booking #70687074",Cleared,£15.04,Free,£15.04,
487113800,03/Apr/2024,06/Apr/2024,"Owner fee payment for #70636423",Cleared,-£0.38,-£0.08,,-£0.45
487113796,03/Apr/2024,06/Apr/2024,"Payment for booking #70636423",Cleared,£15.04,Free,£15.04,
486724318,03/Apr/2024,03/May/2024,"Owner fee payment for #68827529",Cleared,-£3.87,-£0.77,,-£4.64
486724314,03/Apr/2024,03/May/2024,"Payment for booking #68827529",Cleared,£154.68,Free,£154.68,
486700738,02/Apr/2024,05/Apr/2024,"Owner fee payment for #70584864",Cleared,-£0.29,-£0.06,,-£0.35
486700734,02/Apr/2024,05/Apr/2024,"Payment for booking #70584864",Cleared,£11.80,Free,£11.80,
486699934,02/Apr/2024,05/Apr/2024,"Owner fee payment for #70584776",Cleared,-£0.29,-£0.06,,-£0.35
486699930,02/Apr/2024,05/Apr/2024,"Payment for booking #70584776",Cleared,£11.80,Free,£11.80,
486280722,01/Apr/2024,04/Apr/2024,"Owner fee payment for #70533402",Cleared,-£0.29,-£0.06,,-£0.35
486280718,01/Apr/2024,04/Apr/2024,"Payment for booking #70533402",Cleared,£11.80,Free,£11.80,
486066282,01/Apr/2024,04/Apr/2024,"Owner fee payment for #70508012",Cleared,-£0.29,-£0.06,,-£0.35
486066274,01/Apr/2024,04/Apr/2024,"Payment for booking #70508012",Cleared,£11.80,Free,£11.80,
485155086,29/Mar/2024,01/Apr/2024,"Owner fee payment for #70402526",Cleared,-£1.68,-£0.34,,-£2.01
485155082,29/Mar/2024,01/Apr/2024,"Payment for booking #70402526",Cleared,£66.91,Free,£66.91,
483050610,24/Mar/2024,27/Mar/2024,"Owner fee payment for #70143349",Cleared,-£0.29,-£0.06,,-£0.35
483050606,24/Mar/2024,27/Mar/2024,"Payment for booking #70143349",Cleared,£11.80,Free,£11.80,
475500944,06/Mar/2024,04/Apr/2024,"Owner fee payment for #62204620",Cleared,-£2.58,-£0.52,,-£3.09
475500940,06/Mar/2024,04/Apr/2024,"Payment for booking #62204620",Cleared,£102.88,Free,£102.88,
474829230,04/Mar/2024,25/Mar/2024,"REFUND: Owner fee payment for #68638191",Cleared,£3.87,£0.77,£4.64,
474829226,04/Mar/2024,25/Mar/2024,"Payment for booking #68638191",Cleared,-£154.68,Free,-£154.68,
473739268,01/Mar/2024,01/Mar/2024,"Payment withdrawal",Cleared,-£171.75,Free,,-£171.75
472244678,26/Feb/2024,05/Apr/2024,"Owner fee payment for #68827948",Cleared,-£3.87,-£0.77,,-£4.64
472244674,26/Feb/2024,05/Apr/2024,"Payment for booking #68827948",Cleared,£154.68,Free,£154.68,
472235475,26/Feb/2024,03/Apr/2024,"Owner fee payment for #68827529",Cleared,-£3.87,-£0.77,,-£4.64
472235471,26/Feb/2024,03/Apr/2024,"Payment for booking #68827529",Cleared,£154.68,Free,£154.68,
470855412,23/Feb/2024,01/Apr/2024,"REFUND: Owner fee payment for #68507374",Cleared,£1.38,£0.28,£1.66,
470855408,23/Feb/2024,01/Apr/2024,"Payment for booking #68507374",Cleared,-£55.18,Free,-£55.18,
470660372,22/Feb/2024,25/Mar/2024,"Owner fee payment for #68638191",Cleared,-£3.87,-£0.77,,-£4.64
470660368,22/Feb/2024,25/Mar/2024,"Payment for booking #68638191",Cleared,£154.68,Free,£154.68,
469630064,20/Feb/2024,01/Apr/2024,"Owner fee payment for #68507374",Cleared,-£1.38,-£0.28,,-£1.66
469630060,20/Feb/2024,01/Apr/2024,"Payment for booking #68507374",Cleared,£55.18,Free,£55.18,
467941638,15/Feb/2024,22/Feb/2024,"Owner fee payment for #68306752",Cleared,-£1.50,-£0.30,,-£1.80
467941634,15/Feb/2024,22/Feb/2024,"Payment for booking #68306752",Cleared,£60.00,Free,£60.00,
467647766,14/Feb/2024,18/Feb/2024,"Owner fee payment for #68266194",Cleared,-£0.99,-£0.20,,-£1.19
467647762,14/Feb/2024,18/Feb/2024,"Payment for booking #68266194",Cleared,£39.71,Free,£39.71,
464022474,05/Feb/2024,08/Feb/2024,"REFUND: Owner fee payment for #67824183",Cleared,£0.28,£0.06,£0.33,
464022470,05/Feb/2024,08/Feb/2024,"Payment for booking #67824183",Cleared,-£11.08,Free,-£11.08,
464020004,05/Feb/2024,08/Feb/2024,"Owner fee payment for #67824183",Cleared,-£0.28,-£0.06,,-£0.33
464020000,05/Feb/2024,08/Feb/2024,"Payment for booking #67824183",Cleared,£11.08,Free,£11.08,
463830194,05/Feb/2024,05/Feb/2024,"Payment withdrawal",Cleared,-£99.79,Free,,-£99.79
463662244,05/Feb/2024,04/Mar/2024,"Owner fee payment for #62204620",Cleared,-£2.58,-£0.52,,-£3.09
463662240,05/Feb/2024,04/Mar/2024,"Payment for booking #62204620",Cleared,£102.88,Free,£102.88,
463643570,04/Feb/2024,07/Feb/2024,"Owner fee payment for #67778069",Cleared,-£0.28,-£0.06,,-£0.33
463643566,04/Feb/2024,07/Feb/2024,"Payment for booking #67778069",Cleared,£11.08,Free,£11.08,
463050900,03/Feb/2024,05/Feb/2024,"Owner fee payment for #67708313",Cleared,-£0.28,-£0.06,,-£0.33
463050896,03/Feb/2024,05/Feb/2024,"Payment for booking #67708313",Cleared,£11.08,Free,£11.08,
463001346,03/Feb/2024,05/Feb/2024,"Owner fee payment for #67700906",Cleared,-£0.55,-£0.11,,-£0.66
463001342,03/Feb/2024,05/Feb/2024,"Payment for booking #67700906",Cleared,£22.09,Free,£22.09,
462754356,02/Feb/2024,02/Feb/2024,"Payment withdrawal",Cleared,-£121.14,Free,,-£121.14
462615515,02/Feb/2024,07/Feb/2024,"Owner fee payment for #67655362",Cleared,-£0.83,-£0.17,,-£0.99
462615510,02/Feb/2024,07/Feb/2024,"Payment for booking #67655362",Cleared,£33.09,Free,£33.09,
460920578,28/Jan/2024,01/Feb/2024,"Owner fee payment for #67447917",Cleared,-£0.94,-£0.19,,-£1.13
460920574,28/Jan/2024,01/Feb/2024,"Payment for booking #67447917",Cleared,£37.55,Free,£37.55,
457651356,19/Jan/2024,27/Jan/2024,"Owner fee payment for #67051140",Cleared,-£1.87,-£0.37,,-£2.24
457651352,19/Jan/2024,27/Jan/2024,"Payment for booking #67051140",Cleared,£74.82,Free,£74.82,
454407204,10/Jan/2024,10/Jan/2024,"Payment withdrawal",Cleared,-£136.21,Free,,-£136.21
453869862,08/Jan/2024,11/Jan/2024,"Owner fee payment for #66580928",Cleared,-£0.32,-£0.06,,-£0.38
453869858,08/Jan/2024,11/Jan/2024,"Payment for booking #66580928",Cleared,£12.52,Free,£12.52,
453689582,08/Jan/2024,08/Jan/2024,"Payment withdrawal",Cleared,-£136.22,Free,,-£136.22
453456954,07/Jan/2024,10/Jan/2024,"Owner fee payment for #66531289",Cleared,-£0.32,-£0.06,,-£0.38
453456950,07/Jan/2024,10/Jan/2024,"Payment for booking #66531289",Cleared,£12.52,Free,£12.52,
452932656,06/Jan/2024,09/Jan/2024,"Owner fee payment for #66466822",Cleared,-£0.32,-£0.06,,-£0.38
452932652,06/Jan/2024,09/Jan/2024,"Payment for booking #66466822",Cleared,£12.52,Free,£12.52,
452901853,05/Jan/2024,09/Jan/2024,"Owner fee payment for #66463703",Cleared,-£0.32,-£0.06,,-£0.38
452901845,05/Jan/2024,09/Jan/2024,"Payment for booking #66463703",Cleared,£12.52,Free,£12.52,
452534122,05/Jan/2024,04/Feb/2024,"Owner fee payment for #62204620",Cleared,-£2.58,-£0.52,,-£3.09
452534118,05/Jan/2024,04/Feb/2024,"Payment for booking #62204620",Cleared,£102.88,Free,£102.88,
446652338,17/Dec/2023,20/Dec/2023,"Owner fee payment for #65695544",Cleared,-£0.32,-£0.06,,-£0.38
446652334,17/Dec/2023,20/Dec/2023,"Payment for booking #65695544",Cleared,£12.52,Free,£12.52,
446352108,16/Dec/2023,19/Dec/2023,"REFUND: Owner fee payment for #65661839",Cleared,£3.38,£0.68,£4.06,
446352104,16/Dec/2023,19/Dec/2023,"Payment for booking #65661839",Cleared,-£135.25,Free,-£135.25,
446348320,16/Dec/2023,19/Dec/2023,"Owner fee payment for #65661839",Cleared,-£3.38,-£0.68,,-£4.06
446348316,16/Dec/2023,19/Dec/2023,"Payment for booking #65661839",Cleared,£135.25,Free,£135.25,
444089838,11/Dec/2023,11/Dec/2023,"Payment withdrawal",Cleared,-£212.84,Free,,-£212.84
443281638,09/Dec/2023,09/Jan/2024,"Owner fee payment for #62256766",Cleared,-£2.58,-£0.52,,-£3.09
443281634,09/Dec/2023,09/Jan/2024,"Payment for booking #62256766",Cleared,£102.88,Free,£102.88,
443259370,08/Dec/2023,11/Dec/2023,"Owner fee payment for #65275431",Cleared,-£0.63,-£0.13,,-£0.75
443259366,08/Dec/2023,11/Dec/2023,"Payment for booking #65275431",Cleared,£25.04,Free,£25.04,
442000864,06/Dec/2023,04/Jan/2024,"Owner fee payment for #62204620",Cleared,-£2.58,-£0.52,,-£3.09
442000860,06/Dec/2023,04/Jan/2024,"Payment for booking #62204620",Cleared,£102.88,Free,£102.88,
440734514,02/Dec/2023,04/Dec/2023,"Owner fee payment for #64964310",Cleared,-£0.34,-£0.07,,-£0.41
440734510,02/Dec/2023,04/Dec/2023,"Payment for booking #64964310",Cleared,£13.67,Free,£13.67,
434204706,14/Nov/2023,14/Nov/2023,"Payment withdrawal",Cleared,-£199.58,Free,,-£199.58
432275074,09/Nov/2023,09/Dec/2023,"Owner fee payment for #62256766",Cleared,-£2.58,-£0.52,,-£3.09
432275070,09/Nov/2023,09/Dec/2023,"Payment for booking #62256766",Cleared,£102.88,Free,£102.88,
430915814,05/Nov/2023,04/Dec/2023,"Owner fee payment for #62204620",Cleared,-£2.58,-£0.52,,-£3.09
430915810,05/Nov/2023,04/Dec/2023,"Payment for booking #62204620",Cleared,£102.88,Free,£102.88,
419218829,05/Oct/2023,09/Nov/2023,"Owner fee payment for #62256766",Cleared,-£2.58,-£0.52,,-£3.09
419218821,05/Oct/2023,09/Nov/2023,"Payment for booking #62256766",Cleared,£102.88,Free,£102.88,
418804688,04/Oct/2023,04/Nov/2023,"Owner fee payment for #62204620",Cleared,-£2.58,-£0.52,,-£3.09
418804684,04/Oct/2023,04/Nov/2023,"Payment for booking #62204620",Cleared,£102.88,Free,£102.88,
391209998,31/Jul/2023,31/Jul/2023,"Payment withdrawal",Cleared,-£190.06,Free,,-£190.06
380406415,03/Jul/2023,03/Aug/2023,"REFUND: Owner fee payment for #57348346",Cleared,£2.81,£0.56,£3.37,
380406411,03/Jul/2023,03/Aug/2023,"Payment for booking #57348346",Cleared,-£112.23,Free,-£112.23,
380127595,02/Jul/2023,03/Aug/2023,"Owner fee payment for #57348346",Cleared,-£2.81,-£0.56,,-£3.37
380127591,02/Jul/2023,03/Aug/2023,"Payment for booking #57348346",Cleared,£112.23,Free,£112.23,
370974657,07/Jun/2023,12/Jul/2023,"REFUND: Owner fee payment for #56061869",Cleared,£2.66,£0.53,£3.19,
370974653,07/Jun/2023,12/Jul/2023,"Payment for booking #56061869",Cleared,-£106.47,Free,-£106.47,
370893119,07/Jun/2023,12/Jul/2023,"Owner fee payment for #56061869",Cleared,-£2.66,-£0.53,,-£3.19
370893115,07/Jun/2023,12/Jul/2023,"Payment for booking #56061869",Cleared,£106.47,Free,£106.47,
367594223,29/May/2023,01/Jun/2023,"Owner fee payment for #55610424",Cleared,-£0.38,-£0.08,,-£0.45
367594219,29/May/2023,01/Jun/2023,"Payment for booking #55610424",Cleared,£15.04,Free,£15.04,
367584393,29/May/2023,01/Jun/2023,"Owner fee payment for #55609334",Cleared,-£0.38,-£0.08,,-£0.45
367584389,29/May/2023,01/Jun/2023,"Payment for booking #55609334",Cleared,£15.04,Free,£15.04,
367519897,29/May/2023,04/Jun/2023,"Owner fee payment for #55602640",Cleared,-£0.38,-£0.08,,-£0.45
367519893,29/May/2023,04/Jun/2023,"Payment for booking #55602640",Cleared,£15.04,Free,£15.04,
366928799,28/May/2023,30/May/2023,"Owner fee payment for #55519744",Cleared,-£0.38,-£0.08,,-£0.45
366928795,28/May/2023,30/May/2023,"Payment for booking #55519744",Cleared,£15.04,Free,£15.04,
366778397,27/May/2023,30/May/2023,"Owner fee payment for #55502761",Cleared,-£0.38,-£0.08,,-£0.45
366778393,27/May/2023,30/May/2023,"Payment for booking #55502761",Cleared,£15.04,Free,£15.04,
362423942,16/May/2023,21/May/2023,"Owner fee payment for #54901794",Cleared,-£2.27,-£0.45,,-£2.72
362423938,16/May/2023,21/May/2023,"Payment for booking #54901794",Cleared,£90.65,Free,£90.65,
361345842,12/May/2023,15/May/2023,"Owner fee payment for #54750335",Cleared,-£0.38,-£0.08,,-£0.45
361345838,12/May/2023,15/May/2023,"Payment for booking #54750335",Cleared,£15.04,Free,£15.04,
361211140,12/May/2023,15/May/2023,"Owner fee payment for #54735275",Cleared,-£0.38,-£0.08,,-£0.45
361211136,12/May/2023,15/May/2023,"Payment for booking #54735275",Cleared,£15.04,Free,£15.04,
356825216,29/Apr/2023,01/May/2023,"REFUND: Owner fee payment for #54085260",Cleared,£0.38,£0.08,£0.45,
356825212,29/Apr/2023,01/May/2023,"Payment for booking #54085260",Cleared,-£15.04,Free,-£15.04,
356553472,29/Apr/2023,01/May/2023,"Owner fee payment for #54085260",Cleared,-£0.38,-£0.08,,-£0.45
356553468,29/Apr/2023,01/May/2023,"Payment for booking #54085260",Cleared,£15.04,Free,£15.04,
355908916,27/Apr/2023,27/Apr/2023,"Payment withdrawal",Cleared,-£292.12,Free,,-£292.12
355761316,27/Apr/2023,29/Apr/2023,"REFUND: Owner fee payment for #53973256",Cleared,£0.38,£0.08,£0.45,
355761312,27/Apr/2023,29/Apr/2023,"Payment for booking #53973256",Cleared,-£15.04,Free,-£15.04,
355752104,27/Apr/2023,29/Apr/2023,"Owner fee payment for #53973256",Cleared,-£0.38,-£0.08,,-£0.45
355752100,27/Apr/2023,29/Apr/2023,"Payment for booking #53973256",Cleared,£15.04,Free,£15.04,
346059862,30/Mar/2023,28/Apr/2023,"REFUND: Owner fee payment for #52481787",Cleared,£4.52,£0.90,£5.42,
346059858,30/Mar/2023,28/Apr/2023,"Payment for booking #52481787",Cleared,-£180.58,Free,-£180.58,
345007010,27/Mar/2023,28/Apr/2023,"Owner fee payment for #52481787",Cleared,-£4.52,-£0.90,,-£5.42
345007006,27/Mar/2023,28/Apr/2023,"Payment for booking #52481787",Cleared,£180.58,Free,£180.58,
339114986,09/Mar/2023,19/Apr/2023,"Owner fee payment for #51657198",Cleared,-£4.52,-£0.90,,-£5.42
339114982,09/Mar/2023,19/Apr/2023,"Payment for booking #51657198",Cleared,£180.58,Free,£180.58,
333687410,21/Feb/2023,23/Feb/2023,"Owner fee payment for #50896422",Cleared,-£1.89,-£0.38,,-£2.27
333687406,21/Feb/2023,23/Feb/2023,"Payment for booking #50896422",Cleared,£75.54,Free,£75.54,
330943992,13/Feb/2023,15/Feb/2023,"Owner fee payment for #50510048",Cleared,-£1.13,-£0.23,,-£1.35
330943988,13/Feb/2023,15/Feb/2023,"Payment for booking #50510048",Cleared,£45.04,Free,£45.04,
329492860,09/Feb/2023,09/Feb/2023,"Payment withdrawal",Cleared,-£73.27,Free,,-£73.27
327435998,03/Feb/2023,05/Feb/2023,"Owner fee payment for #50019009",Cleared,-£1.89,-£0.38,,-£2.27
327435994,03/Feb/2023,05/Feb/2023,"Payment for booking #50019009",Cleared,£75.54,Free,£75.54,
319551848,09/Jan/2023,09/Jan/2023,"Payment withdrawal",Cleared,-£101.89,Free,,-£101.89
311481210,12/Dec/2022,15/Dec/2022,"Owner fee payment for #47764919",Cleared,-£0.38,-£0.08,,-£0.45
311481206,12/Dec/2022,15/Dec/2022,"Payment for booking #47764919",Cleared,£15.04,Free,£15.04,
311151198,11/Dec/2022,18/Dec/2022,"Owner fee payment for #47719645",Cleared,-£2.25,-£0.45,,-£2.70
311151194,11/Dec/2022,18/Dec/2022,"Payment for booking #47719645",Cleared,£90.00,Free,£90.00,
